-- =============================================================================
-- AcmeCorp HR relational schema  (generated by hr-dataset/build_relational.py)
--
-- Ontop maps these tables back to the original RDF graph via ontop/hr.obda.
-- DO NOT EDIT BY HAND — regenerate from the Turtle source instead.
-- =============================================================================

DROP TABLE IF EXISTS membership;
DROP TABLE IF EXISTS post;
DROP TABLE IF EXISTS person;
DROP TABLE IF EXISTS mapping_agent;
DROP TABLE IF EXISTS esco_anchor;
DROP TABLE IF EXISTS role_mapping;
DROP TABLE IF EXISTS local_role;
DROP TABLE IF EXISTS global_role;
DROP TABLE IF EXISTS job_family;
DROP TABLE IF EXISTS seniority_level;
DROP TABLE IF EXISTS org_label;
DROP TABLE IF EXISTS organization;

CREATE TABLE organization (
    org_id        VARCHAR PRIMARY KEY,   -- e.g. 'AcmeUK'  -> orgU:AcmeUK
    kind          VARCHAR,               -- 'group' | 'subsidiary'
    parent_org_id VARCHAR                -- org:subOrganizationOf (NULL for the group)
);

CREATE TABLE org_label (
    org_id VARCHAR,
    label  VARCHAR,
    lang   VARCHAR,
    PRIMARY KEY (org_id, lang)
);

CREATE TABLE seniority_level (
    sl_code VARCHAR PRIMARY KEY,         -- 'L1'..'L9'  -> acme:L1..acme:L9
    label   VARCHAR,
    ordinal INTEGER
);

CREATE TABLE job_family (
    jf_code VARCHAR PRIMARY KEY,         -- 'Family_Engineering' -> acme:Family_Engineering
    label   VARCHAR
);

CREATE TABLE global_role (
    gr_code         VARCHAR PRIMARY KEY, -- 'SoftwareEngineerL4' -> acmeG:SoftwareEngineerL4
    pref_label      VARCHAR,
    definition      VARCHAR,
    jf_code         VARCHAR,
    sl_code         VARCHAR,
    broader_gr_code VARCHAR              -- skos:broader (NULL if none)
);

CREATE TABLE local_role (
    subsidiary VARCHAR,                  -- 'uk' | 'de' | 'us'  -> acmeUK/DE/US namespace
    localname  VARCHAR,                  -- e.g. 'SeniorSoftwareEngineer'
    pref_label VARCHAR,
    pref_lang  VARCHAR,
    alt_label  VARCHAR,
    alt_lang   VARCHAR,
    scope_note VARCHAR,
    scope_lang VARCHAR,
    PRIMARY KEY (subsidiary, localname)
);

CREATE TABLE role_mapping (
    map_id         VARCHAR PRIMARY KEY,  -- 'uk_001' -> mapAct:uk_001
    subsidiary     VARCHAR,              -- of the local role
    lr_localname   VARCHAR,              -- local role (prov:used)
    gr_code        VARCHAR,              -- global role (prov:generated)
    match_type     VARCHAR,              -- 'closeMatch' | 'broadMatch' | ...
    confidence     DECIMAL(3,2),
    review_status  VARCHAR,
    mapping_method VARCHAR,
    mapped_at      VARCHAR               -- xsd:dateTime lexical form
);

CREATE TABLE mapping_agent (
    map_id      VARCHAR,
    agent_id    VARCHAR,                 -- e.g. 'person/jordan-kim','agent/llm-mapper-v2'
    agent_label VARCHAR,
    agent_kind  VARCHAR,                 -- 'Person' | 'SoftwareAgent'
    PRIMARY KEY (map_id, agent_id)
);

CREATE TABLE esco_anchor (
    gr_code    VARCHAR,
    match_type VARCHAR,                  -- 'broadMatch' | 'closeMatch' | 'relatedMatch' | ...
    esco_uri   VARCHAR,                  -- full external ESCO/ISCO URI
    PRIMARY KEY (gr_code, esco_uri, match_type)
);

CREATE TABLE person (
    person_id VARCHAR PRIMARY KEY,       -- 'alice_01' -> p:alice_01
    name      VARCHAR
);

CREATE TABLE post (
    post_id            VARCHAR PRIMARY KEY,  -- 'uk_001' -> post:uk_001
    label              VARCHAR,
    label_lang         VARCHAR,
    subsidiary         VARCHAR,              -- of org:role (local role namespace)
    role_localname     VARCHAR,              -- org:role
    org_id             VARCHAR,              -- org:postIn
    reports_to_post_id VARCHAR               -- org:reportsTo (NULL if top)
);

CREATE TABLE membership (
    mem_id              VARCHAR PRIMARY KEY,  -- 'alice_01','mia_01_past' -> m:...
    person_id           VARCHAR,              -- org:member
    org_id              VARCHAR,              -- org:organization
    subsidiary          VARCHAR,              -- of org:role
    role_localname      VARCHAR,              -- org:role
    via_post_id         VARCHAR,              -- acme:viaPost (NULL if none)
    begin_date          DATE,                 -- time:hasBeginning/inXSDDate
    end_date            DATE,                 -- time:hasEnd/inXSDDate (NULL = active)
    linked_from_person  BOOLEAN               -- person org:hasMembership m  (false for Eve's closed seat)
);

INSERT INTO organization (org_id, kind, parent_org_id) VALUES ('AcmeDE', 'subsidiary', 'AcmeGroup');
INSERT INTO organization (org_id, kind, parent_org_id) VALUES ('AcmeGroup', 'group', NULL);
INSERT INTO organization (org_id, kind, parent_org_id) VALUES ('AcmeUK', 'subsidiary', 'AcmeGroup');
INSERT INTO organization (org_id, kind, parent_org_id) VALUES ('AcmeUS', 'subsidiary', 'AcmeGroup');

INSERT INTO org_label (org_id, label, lang) VALUES ('AcmeDE', 'Acme Deutschland GmbH', 'de');
INSERT INTO org_label (org_id, label, lang) VALUES ('AcmeDE', 'Acme Germany GmbH', 'en');
INSERT INTO org_label (org_id, label, lang) VALUES ('AcmeGroup', 'Acme Group plc', 'en');
INSERT INTO org_label (org_id, label, lang) VALUES ('AcmeUK', 'Acme UK Ltd', 'en-GB');
INSERT INTO org_label (org_id, label, lang) VALUES ('AcmeUS', 'Acme USA Inc.', 'en-US');

INSERT INTO seniority_level (sl_code, label, ordinal) VALUES ('L1', 'L1 - Entry', 1);
INSERT INTO seniority_level (sl_code, label, ordinal) VALUES ('L2', 'L2 - Associate', 2);
INSERT INTO seniority_level (sl_code, label, ordinal) VALUES ('L3', 'L3 - Mid', 3);
INSERT INTO seniority_level (sl_code, label, ordinal) VALUES ('L4', 'L4 - Senior', 4);
INSERT INTO seniority_level (sl_code, label, ordinal) VALUES ('L5', 'L5 - Staff', 5);
INSERT INTO seniority_level (sl_code, label, ordinal) VALUES ('L6', 'L6 - Principal', 6);
INSERT INTO seniority_level (sl_code, label, ordinal) VALUES ('L7', 'L7 - Director', 7);
INSERT INTO seniority_level (sl_code, label, ordinal) VALUES ('L8', 'L8 - VP', 8);
INSERT INTO seniority_level (sl_code, label, ordinal) VALUES ('L9', 'L9 - Executive', 9);

INSERT INTO job_family (jf_code, label) VALUES ('Family_CustomerSupport', 'Customer Support');
INSERT INTO job_family (jf_code, label) VALUES ('Family_Engineering', 'Engineering');
INSERT INTO job_family (jf_code, label) VALUES ('Family_Finance', 'Finance');
INSERT INTO job_family (jf_code, label) VALUES ('Family_Marketing', 'Marketing');
INSERT INTO job_family (jf_code, label) VALUES ('Family_Operations', 'Operations');
INSERT INTO job_family (jf_code, label) VALUES ('Family_People', 'People / HR');
INSERT INTO job_family (jf_code, label) VALUES ('Family_Product', 'Product Management');
INSERT INTO job_family (jf_code, label) VALUES ('Family_Sales', 'Sales');

INSERT INTO global_role (gr_code, pref_label, definition, jf_code, sl_code, broader_gr_code) VALUES ('AccountExecutiveL3', 'Account Executive, Level 3', 'Owns a book of business and closes new deals.', 'Family_Sales', 'L3', NULL);
INSERT INTO global_role (gr_code, pref_label, definition, jf_code, sl_code, broader_gr_code) VALUES ('CustomerSupportLeadL5', 'Customer Support Lead, Level 5', NULL, 'Family_CustomerSupport', 'L5', 'CustomerSupportRepL2');
INSERT INTO global_role (gr_code, pref_label, definition, jf_code, sl_code, broader_gr_code) VALUES ('CustomerSupportRepL2', 'Customer Support Representative, Level 2', NULL, 'Family_CustomerSupport', 'L2', NULL);
INSERT INTO global_role (gr_code, pref_label, definition, jf_code, sl_code, broader_gr_code) VALUES ('DataEngineerL4', 'Data Engineer, Level 4', 'Senior data engineer building data pipelines and warehouse systems.', 'Family_Engineering', 'L4', NULL);
INSERT INTO global_role (gr_code, pref_label, definition, jf_code, sl_code, broader_gr_code) VALUES ('DataScientistL4', 'Data Scientist, Level 4', 'Senior data scientist; statistical modeling and ML.', 'Family_Engineering', 'L4', NULL);
INSERT INTO global_role (gr_code, pref_label, definition, jf_code, sl_code, broader_gr_code) VALUES ('EngineeringDirectorL7', 'Engineering Director, Level 7', 'Manager of managers; owns multiple teams or a sub-organization.', 'Family_Engineering', 'L7', 'EngineeringManagerL6');
INSERT INTO global_role (gr_code, pref_label, definition, jf_code, sl_code, broader_gr_code) VALUES ('EngineeringManagerL6', 'Engineering Manager, Level 6', 'First-line engineering manager. Owns delivery for one team of 4-10 ICs.', 'Family_Engineering', 'L6', NULL);
INSERT INTO global_role (gr_code, pref_label, definition, jf_code, sl_code, broader_gr_code) VALUES ('FinanceManagerL6', 'Finance Manager, Level 6', NULL, 'Family_Finance', 'L6', NULL);
INSERT INTO global_role (gr_code, pref_label, definition, jf_code, sl_code, broader_gr_code) VALUES ('FinancialAnalystL3', 'Financial Analyst, Level 3', NULL, 'Family_Finance', 'L3', NULL);
INSERT INTO global_role (gr_code, pref_label, definition, jf_code, sl_code, broader_gr_code) VALUES ('HRBusinessPartnerL5', 'HR Business Partner, Level 5', 'Embedded HR support for a business unit.', 'Family_People', 'L5', NULL);
INSERT INTO global_role (gr_code, pref_label, definition, jf_code, sl_code, broader_gr_code) VALUES ('MarketingDirectorL7', 'Marketing Director, Level 7', NULL, 'Family_Marketing', 'L7', 'MarketingManagerL5');
INSERT INTO global_role (gr_code, pref_label, definition, jf_code, sl_code, broader_gr_code) VALUES ('MarketingManagerL5', 'Marketing Manager, Level 5', 'Owns campaigns and demand generation for a region/segment.', 'Family_Marketing', 'L5', NULL);
INSERT INTO global_role (gr_code, pref_label, definition, jf_code, sl_code, broader_gr_code) VALUES ('OperationsManagerL6', 'Operations Manager, Level 6', NULL, 'Family_Operations', 'L6', NULL);
INSERT INTO global_role (gr_code, pref_label, definition, jf_code, sl_code, broader_gr_code) VALUES ('ProductManagerL4', 'Product Manager, Level 4', 'Owns the roadmap for one product area.', 'Family_Product', 'L4', NULL);
INSERT INTO global_role (gr_code, pref_label, definition, jf_code, sl_code, broader_gr_code) VALUES ('RecruiterL3', 'Recruiter, Level 3', NULL, 'Family_People', 'L3', NULL);
INSERT INTO global_role (gr_code, pref_label, definition, jf_code, sl_code, broader_gr_code) VALUES ('SalesManagerL6', 'Sales Manager, Level 6', 'Manages a regional sales team.', 'Family_Sales', 'L6', NULL);
INSERT INTO global_role (gr_code, pref_label, definition, jf_code, sl_code, broader_gr_code) VALUES ('SeniorProductManagerL5', 'Senior Product Manager, Level 5', NULL, 'Family_Product', 'L5', 'ProductManagerL4');
INSERT INTO global_role (gr_code, pref_label, definition, jf_code, sl_code, broader_gr_code) VALUES ('SoftwareEngineerL3', 'Software Engineer, Level 3', 'Mid-level individual contributor delivering software features under guidance. ~2-4 years experience.', 'Family_Engineering', 'L3', NULL);
INSERT INTO global_role (gr_code, pref_label, definition, jf_code, sl_code, broader_gr_code) VALUES ('SoftwareEngineerL4', 'Software Engineer, Level 4 (Senior)', 'Senior individual contributor responsible for substantial features and mentoring. ~4-7 years experience.', 'Family_Engineering', 'L4', 'SoftwareEngineerL3');
INSERT INTO global_role (gr_code, pref_label, definition, jf_code, sl_code, broader_gr_code) VALUES ('SoftwareEngineerL5', 'Software Engineer, Level 5 (Staff)', 'Staff-level engineer responsible for end-to-end design and delivery of software systems. ~7-10 years experience.', 'Family_Engineering', 'L5', 'SoftwareEngineerL4');
INSERT INTO global_role (gr_code, pref_label, definition, jf_code, sl_code, broader_gr_code) VALUES ('VPSalesL8', 'VP of Sales, Level 8', NULL, 'Family_Sales', 'L8', 'SalesManagerL6');

INSERT INTO local_role (subsidiary, localname, pref_label, pref_lang, alt_label, alt_lang, scope_note, scope_lang) VALUES ('de', 'DataScientist', 'Data Scientist', 'de', NULL, NULL, 'AcmeDE uses the English term ''Data Scientist'' directly, with no German equivalent in current use.', 'de');
INSERT INTO local_role (subsidiary, localname, pref_label, pref_lang, alt_label, alt_lang, scope_note, scope_lang) VALUES ('de', 'DatenIngenieur', 'Dateningenieur', 'de', 'Data Engineer', 'en', NULL, NULL);
INSERT INTO local_role (subsidiary, localname, pref_label, pref_lang, alt_label, alt_lang, scope_note, scope_lang) VALUES ('de', 'Entwicklungsleiter', 'Entwicklungsleiter', 'de', 'Head of Development', 'en', NULL, NULL);
INSERT INTO local_role (subsidiary, localname, pref_label, pref_lang, alt_label, alt_lang, scope_note, scope_lang) VALUES ('de', 'Finanzanalyst', 'Finanzanalyst', 'de', 'Financial Analyst', 'en', NULL, NULL);
INSERT INTO local_role (subsidiary, localname, pref_label, pref_lang, alt_label, alt_lang, scope_note, scope_lang) VALUES ('de', 'KundenServiceMitarbeiter', 'Kundenservicemitarbeiter', 'de', 'Customer Service Agent', 'en', 'TODO: not yet mapped to the global catalog. Pending review by global HR ops.', 'en');
INSERT INTO local_role (subsidiary, localname, pref_label, pref_lang, alt_label, alt_lang, scope_note, scope_lang) VALUES ('de', 'MarketingManager', 'Marketing Manager DACH', 'de', NULL, NULL, NULL, NULL);
INSERT INTO local_role (subsidiary, localname, pref_label, pref_lang, alt_label, alt_lang, scope_note, scope_lang) VALUES ('de', 'PersonalReferent', 'Personalreferent', 'de', 'HR Business Partner', 'en', NULL, NULL);
INSERT INTO local_role (subsidiary, localname, pref_label, pref_lang, alt_label, alt_lang, scope_note, scope_lang) VALUES ('de', 'ProduktManager', 'Produktmanager', 'de', 'Product Manager', 'en', NULL, NULL);
INSERT INTO local_role (subsidiary, localname, pref_label, pref_lang, alt_label, alt_lang, scope_note, scope_lang) VALUES ('de', 'SoftwareentwicklerII', 'Softwareentwickler II', 'de', 'Software Engineer II', 'en', NULL, NULL);
INSERT INTO local_role (subsidiary, localname, pref_label, pref_lang, alt_label, alt_lang, scope_note, scope_lang) VALUES ('de', 'SoftwareentwicklerIII', 'Softwareentwickler III', 'de', 'Senior Software Engineer', 'en', NULL, NULL);
INSERT INTO local_role (subsidiary, localname, pref_label, pref_lang, alt_label, alt_lang, scope_note, scope_lang) VALUES ('de', 'SoftwareentwicklerIV', 'Softwareentwickler IV', 'de', 'Staff Software Engineer', 'en', NULL, NULL);
INSERT INTO local_role (subsidiary, localname, pref_label, pref_lang, alt_label, alt_lang, scope_note, scope_lang) VALUES ('de', 'Teamleiter', 'Teamleiter Entwicklung', 'de', 'Engineering Team Lead', 'en', NULL, NULL);
INSERT INTO local_role (subsidiary, localname, pref_label, pref_lang, alt_label, alt_lang, scope_note, scope_lang) VALUES ('de', 'Vertriebsleiter', 'Vertriebsleiter DACH', 'de', 'Sales Manager DACH', 'en', NULL, NULL);
INSERT INTO local_role (subsidiary, localname, pref_label, pref_lang, alt_label, alt_lang, scope_note, scope_lang) VALUES ('de', 'Vertriebsmitarbeiter', 'Vertriebsmitarbeiter', 'de', 'Sales Representative', 'en', NULL, NULL);
INSERT INTO local_role (subsidiary, localname, pref_label, pref_lang, alt_label, alt_lang, scope_note, scope_lang) VALUES ('uk', 'AccountManager', 'Account Manager', 'en-GB', NULL, NULL, 'UK uses ''Account Manager'' for the role US calls ''Account Executive''.', 'en-GB');
INSERT INTO local_role (subsidiary, localname, pref_label, pref_lang, alt_label, alt_lang, scope_note, scope_lang) VALUES ('uk', 'CustomerSuccessAssociate', 'Customer Success Associate', 'en-GB', NULL, NULL, NULL, NULL);
INSERT INTO local_role (subsidiary, localname, pref_label, pref_lang, alt_label, alt_lang, scope_note, scope_lang) VALUES ('uk', 'DataEngineer', 'Data Engineer', 'en-GB', NULL, NULL, NULL, NULL);
INSERT INTO local_role (subsidiary, localname, pref_label, pref_lang, alt_label, alt_lang, scope_note, scope_lang) VALUES ('uk', 'EngineeringManager', 'Engineering Manager', 'en-GB', NULL, NULL, NULL, NULL);
INSERT INTO local_role (subsidiary, localname, pref_label, pref_lang, alt_label, alt_lang, scope_note, scope_lang) VALUES ('uk', 'FinancialAnalyst', 'Financial Analyst', 'en-GB', NULL, NULL, NULL, NULL);
INSERT INTO local_role (subsidiary, localname, pref_label, pref_lang, alt_label, alt_lang, scope_note, scope_lang) VALUES ('uk', 'HeadOfEngineering', 'Head of Engineering', 'en-GB', NULL, NULL, NULL, NULL);
INSERT INTO local_role (subsidiary, localname, pref_label, pref_lang, alt_label, alt_lang, scope_note, scope_lang) VALUES ('uk', 'HeadOfMarketing', 'Head of Marketing', 'en-GB', NULL, NULL, NULL, NULL);
INSERT INTO local_role (subsidiary, localname, pref_label, pref_lang, alt_label, alt_lang, scope_note, scope_lang) VALUES ('uk', 'LeadSoftwareEngineer', 'Lead Software Engineer', 'en-GB', NULL, NULL, NULL, NULL);
INSERT INTO local_role (subsidiary, localname, pref_label, pref_lang, alt_label, alt_lang, scope_note, scope_lang) VALUES ('uk', 'OperationsLead', 'Operations Lead', 'en-GB', NULL, NULL, NULL, NULL);
INSERT INTO local_role (subsidiary, localname, pref_label, pref_lang, alt_label, alt_lang, scope_note, scope_lang) VALUES ('uk', 'PeoplePartner', 'People Partner', 'en-GB', NULL, NULL, 'UK has dropped ''HR'' in favour of ''People'' branding.', 'en-GB');
INSERT INTO local_role (subsidiary, localname, pref_label, pref_lang, alt_label, alt_lang, scope_note, scope_lang) VALUES ('uk', 'ProductManager', 'Product Manager', 'en-GB', NULL, NULL, NULL, NULL);
INSERT INTO local_role (subsidiary, localname, pref_label, pref_lang, alt_label, alt_lang, scope_note, scope_lang) VALUES ('uk', 'SeniorProductManager', 'Senior Product Manager', 'en-GB', NULL, NULL, NULL, NULL);
INSERT INTO local_role (subsidiary, localname, pref_label, pref_lang, alt_label, alt_lang, scope_note, scope_lang) VALUES ('uk', 'SeniorSoftwareEngineer', 'Senior Software Engineer', 'en-GB', 'Senior SWE', 'en-GB', NULL, NULL);
INSERT INTO local_role (subsidiary, localname, pref_label, pref_lang, alt_label, alt_lang, scope_note, scope_lang) VALUES ('uk', 'SoftwareEngineer', 'Software Engineer', 'en-GB', 'SWE', 'en-GB', NULL, NULL);
INSERT INTO local_role (subsidiary, localname, pref_label, pref_lang, alt_label, alt_lang, scope_note, scope_lang) VALUES ('us', 'AE', 'Account Executive', 'en-US', 'AE', 'en-US', NULL, NULL);
INSERT INTO local_role (subsidiary, localname, pref_label, pref_lang, alt_label, alt_lang, scope_note, scope_lang) VALUES ('us', 'AreaVPOfSales', 'Area VP of Sales', 'en-US', NULL, NULL, 'AcmeUS uses ''Area VP'' for what is, organizationally, a senior regional sales director — not a true global VP. Mapped via broadMatch, not closeMatch, to the global VPSalesL8.', 'en-US');
INSERT INTO local_role (subsidiary, localname, pref_label, pref_lang, alt_label, alt_lang, scope_note, scope_lang) VALUES ('us', 'CustomerSupportSpecialist', 'Customer Support Specialist', 'en-US', NULL, NULL, NULL, NULL);
INSERT INTO local_role (subsidiary, localname, pref_label, pref_lang, alt_label, alt_lang, scope_note, scope_lang) VALUES ('us', 'DataEngineer', 'Data Engineer', 'en-US', NULL, NULL, NULL, NULL);
INSERT INTO local_role (subsidiary, localname, pref_label, pref_lang, alt_label, alt_lang, scope_note, scope_lang) VALUES ('us', 'DataScientist', 'Data Scientist', 'en-US', NULL, NULL, NULL, NULL);
INSERT INTO local_role (subsidiary, localname, pref_label, pref_lang, alt_label, alt_lang, scope_note, scope_lang) VALUES ('us', 'DirectorOfEngineering', 'Director of Engineering', 'en-US', NULL, NULL, NULL, NULL);
INSERT INTO local_role (subsidiary, localname, pref_label, pref_lang, alt_label, alt_lang, scope_note, scope_lang) VALUES ('us', 'DirectorOfMarketing', 'Director of Marketing', 'en-US', NULL, NULL, NULL, NULL);
INSERT INTO local_role (subsidiary, localname, pref_label, pref_lang, alt_label, alt_lang, scope_note, scope_lang) VALUES ('us', 'EM', 'Engineering Manager', 'en-US', 'EM', 'en-US', NULL, NULL);
INSERT INTO local_role (subsidiary, localname, pref_label, pref_lang, alt_label, alt_lang, scope_note, scope_lang) VALUES ('us', 'FinanceManager', 'Finance Manager', 'en-US', NULL, NULL, NULL, NULL);
INSERT INTO local_role (subsidiary, localname, pref_label, pref_lang, alt_label, alt_lang, scope_note, scope_lang) VALUES ('us', 'FinancialAnalyst', 'Financial Analyst', 'en-US', NULL, NULL, NULL, NULL);
INSERT INTO local_role (subsidiary, localname, pref_label, pref_lang, alt_label, alt_lang, scope_note, scope_lang) VALUES ('us', 'HRBP', 'HR Business Partner', 'en-US', 'HRBP', 'en-US', NULL, NULL);
INSERT INTO local_role (subsidiary, localname, pref_label, pref_lang, alt_label, alt_lang, scope_note, scope_lang) VALUES ('us', 'MarketingManager', 'Marketing Manager', 'en-US', NULL, NULL, NULL, NULL);
INSERT INTO local_role (subsidiary, localname, pref_label, pref_lang, alt_label, alt_lang, scope_note, scope_lang) VALUES ('us', 'PM', 'Product Manager', 'en-US', NULL, NULL, NULL, NULL);
INSERT INTO local_role (subsidiary, localname, pref_label, pref_lang, alt_label, alt_lang, scope_note, scope_lang) VALUES ('us', 'PrincipalSWE', 'Principal Software Engineer', 'en-US', NULL, NULL, NULL, NULL);
INSERT INTO local_role (subsidiary, localname, pref_label, pref_lang, alt_label, alt_lang, scope_note, scope_lang) VALUES ('us', 'RegionalSalesManager', 'Regional Sales Manager', 'en-US', NULL, NULL, NULL, NULL);
INSERT INTO local_role (subsidiary, localname, pref_label, pref_lang, alt_label, alt_lang, scope_note, scope_lang) VALUES ('us', 'SWE_II', 'Software Engineer II', 'en-US', 'Mid SWE', 'en-US', NULL, NULL);
INSERT INTO local_role (subsidiary, localname, pref_label, pref_lang, alt_label, alt_lang, scope_note, scope_lang) VALUES ('us', 'SWE_III', 'Software Engineer III', 'en-US', 'Senior Software Engineer', 'en-US', NULL, NULL);
INSERT INTO local_role (subsidiary, localname, pref_label, pref_lang, alt_label, alt_lang, scope_note, scope_lang) VALUES ('us', 'SeniorPM', 'Senior Product Manager', 'en-US', NULL, NULL, NULL, NULL);
INSERT INTO local_role (subsidiary, localname, pref_label, pref_lang, alt_label, alt_lang, scope_note, scope_lang) VALUES ('us', 'StaffSWE', 'Staff Software Engineer', 'en-US', NULL, NULL, NULL, NULL);
INSERT INTO local_role (subsidiary, localname, pref_label, pref_lang, alt_label, alt_lang, scope_note, scope_lang) VALUES ('us', 'TechnicalRecruiter', 'Technical Recruiter', 'en-US', NULL, NULL, NULL, NULL);

INSERT INTO role_mapping (map_id, subsidiary, lr_localname, gr_code, match_type, confidence, review_status, mapping_method, mapped_at) VALUES ('de_001', 'de', 'SoftwareentwicklerII', 'SoftwareEngineerL3', 'closeMatch', 0.94, 'approved', 'LLM-drafted, human-approved', '2026-03-12T10:00:00+00:00');
INSERT INTO role_mapping (map_id, subsidiary, lr_localname, gr_code, match_type, confidence, review_status, mapping_method, mapped_at) VALUES ('de_002', 'de', 'SoftwareentwicklerIII', 'SoftwareEngineerL4', 'closeMatch', 0.92, 'approved', 'LLM-drafted, human-approved', '2026-03-12T10:01:00+00:00');
INSERT INTO role_mapping (map_id, subsidiary, lr_localname, gr_code, match_type, confidence, review_status, mapping_method, mapped_at) VALUES ('de_003', 'de', 'SoftwareentwicklerIV', 'SoftwareEngineerL5', 'closeMatch', 0.91, 'approved', 'manual', '2026-03-12T10:02:00+00:00');
INSERT INTO role_mapping (map_id, subsidiary, lr_localname, gr_code, match_type, confidence, review_status, mapping_method, mapped_at) VALUES ('de_004', 'de', 'Teamleiter', 'EngineeringManagerL6', 'closeMatch', 0.93, 'approved', 'manual', '2026-03-12T10:03:00+00:00');
INSERT INTO role_mapping (map_id, subsidiary, lr_localname, gr_code, match_type, confidence, review_status, mapping_method, mapped_at) VALUES ('de_005', 'de', 'Entwicklungsleiter', 'EngineeringDirectorL7', 'closeMatch', 0.90, 'approved', 'manual', '2026-03-12T10:04:00+00:00');
INSERT INTO role_mapping (map_id, subsidiary, lr_localname, gr_code, match_type, confidence, review_status, mapping_method, mapped_at) VALUES ('de_006', 'de', 'DatenIngenieur', 'DataEngineerL4', 'closeMatch', 0.94, 'approved', 'LLM-drafted, human-approved', '2026-03-12T10:05:00+00:00');
INSERT INTO role_mapping (map_id, subsidiary, lr_localname, gr_code, match_type, confidence, review_status, mapping_method, mapped_at) VALUES ('de_007', 'de', 'DataScientist', 'DataScientistL4', 'closeMatch', 0.96, 'approved', 'manual', '2026-03-12T10:06:00+00:00');
INSERT INTO role_mapping (map_id, subsidiary, lr_localname, gr_code, match_type, confidence, review_status, mapping_method, mapped_at) VALUES ('de_008', 'de', 'ProduktManager', 'ProductManagerL4', 'closeMatch', 0.93, 'approved', 'LLM-drafted, human-approved', '2026-03-12T10:07:00+00:00');
INSERT INTO role_mapping (map_id, subsidiary, lr_localname, gr_code, match_type, confidence, review_status, mapping_method, mapped_at) VALUES ('de_009', 'de', 'Vertriebsmitarbeiter', 'AccountExecutiveL3', 'closeMatch', 0.84, 'approved', 'LLM-drafted, human-approved', '2026-03-12T10:08:00+00:00');
INSERT INTO role_mapping (map_id, subsidiary, lr_localname, gr_code, match_type, confidence, review_status, mapping_method, mapped_at) VALUES ('de_010', 'de', 'Vertriebsleiter', 'SalesManagerL6', 'closeMatch', 0.89, 'approved', 'manual', '2026-03-12T10:09:00+00:00');
INSERT INTO role_mapping (map_id, subsidiary, lr_localname, gr_code, match_type, confidence, review_status, mapping_method, mapped_at) VALUES ('de_011', 'de', 'MarketingManager', 'MarketingManagerL5', 'closeMatch', 0.93, 'approved', 'LLM-drafted, human-approved', '2026-03-12T10:10:00+00:00');
INSERT INTO role_mapping (map_id, subsidiary, lr_localname, gr_code, match_type, confidence, review_status, mapping_method, mapped_at) VALUES ('de_012', 'de', 'Finanzanalyst', 'FinancialAnalystL3', 'closeMatch', 0.96, 'approved', 'LLM-drafted, human-approved', '2026-03-12T10:11:00+00:00');
INSERT INTO role_mapping (map_id, subsidiary, lr_localname, gr_code, match_type, confidence, review_status, mapping_method, mapped_at) VALUES ('de_013', 'de', 'PersonalReferent', 'HRBusinessPartnerL5', 'closeMatch', 0.87, 'approved', 'manual', '2026-03-12T10:12:00+00:00');
INSERT INTO role_mapping (map_id, subsidiary, lr_localname, gr_code, match_type, confidence, review_status, mapping_method, mapped_at) VALUES ('uk_001', 'uk', 'SoftwareEngineer', 'SoftwareEngineerL3', 'closeMatch', 0.95, 'approved', 'LLM-drafted, human-approved', '2026-03-10T09:00:00+00:00');
INSERT INTO role_mapping (map_id, subsidiary, lr_localname, gr_code, match_type, confidence, review_status, mapping_method, mapped_at) VALUES ('uk_002', 'uk', 'SeniorSoftwareEngineer', 'SoftwareEngineerL4', 'closeMatch', 0.96, 'approved', 'LLM-drafted, human-approved', '2026-03-10T09:01:00+00:00');
INSERT INTO role_mapping (map_id, subsidiary, lr_localname, gr_code, match_type, confidence, review_status, mapping_method, mapped_at) VALUES ('uk_003', 'uk', 'LeadSoftwareEngineer', 'SoftwareEngineerL5', 'closeMatch', 0.88, 'approved', 'manual', '2026-03-10T09:02:00+00:00');
INSERT INTO role_mapping (map_id, subsidiary, lr_localname, gr_code, match_type, confidence, review_status, mapping_method, mapped_at) VALUES ('uk_004', 'uk', 'EngineeringManager', 'EngineeringManagerL6', 'closeMatch', 0.97, 'approved', 'manual', '2026-03-10T09:03:00+00:00');
INSERT INTO role_mapping (map_id, subsidiary, lr_localname, gr_code, match_type, confidence, review_status, mapping_method, mapped_at) VALUES ('uk_005', 'uk', 'HeadOfEngineering', 'EngineeringDirectorL7', 'closeMatch', 0.91, 'approved', 'manual', '2026-03-10T09:04:00+00:00');
INSERT INTO role_mapping (map_id, subsidiary, lr_localname, gr_code, match_type, confidence, review_status, mapping_method, mapped_at) VALUES ('uk_006', 'uk', 'DataEngineer', 'DataEngineerL4', 'closeMatch', 0.93, 'approved', 'LLM-drafted, human-approved', '2026-03-10T09:05:00+00:00');
INSERT INTO role_mapping (map_id, subsidiary, lr_localname, gr_code, match_type, confidence, review_status, mapping_method, mapped_at) VALUES ('uk_007', 'uk', 'ProductManager', 'ProductManagerL4', 'closeMatch', 0.95, 'approved', 'manual', '2026-03-11T11:00:00+00:00');
INSERT INTO role_mapping (map_id, subsidiary, lr_localname, gr_code, match_type, confidence, review_status, mapping_method, mapped_at) VALUES ('uk_008', 'uk', 'SeniorProductManager', 'SeniorProductManagerL5', 'closeMatch', 0.95, 'approved', 'manual', '2026-03-11T11:01:00+00:00');
INSERT INTO role_mapping (map_id, subsidiary, lr_localname, gr_code, match_type, confidence, review_status, mapping_method, mapped_at) VALUES ('uk_009', 'uk', 'AccountManager', 'AccountExecutiveL3', 'closeMatch', 0.82, 'approved', 'LLM-drafted, human-approved', '2026-03-11T11:02:00+00:00');
INSERT INTO role_mapping (map_id, subsidiary, lr_localname, gr_code, match_type, confidence, review_status, mapping_method, mapped_at) VALUES ('uk_010', 'uk', 'HeadOfMarketing', 'MarketingDirectorL7', 'closeMatch', 0.93, 'approved', 'manual', '2026-03-11T11:03:00+00:00');
INSERT INTO role_mapping (map_id, subsidiary, lr_localname, gr_code, match_type, confidence, review_status, mapping_method, mapped_at) VALUES ('uk_011', 'uk', 'FinancialAnalyst', 'FinancialAnalystL3', 'closeMatch', 0.97, 'approved', 'LLM-drafted, human-approved', '2026-03-11T11:04:00+00:00');
INSERT INTO role_mapping (map_id, subsidiary, lr_localname, gr_code, match_type, confidence, review_status, mapping_method, mapped_at) VALUES ('uk_012', 'uk', 'PeoplePartner', 'HRBusinessPartnerL5', 'closeMatch', 0.89, 'approved', 'manual', '2026-03-11T11:05:00+00:00');
INSERT INTO role_mapping (map_id, subsidiary, lr_localname, gr_code, match_type, confidence, review_status, mapping_method, mapped_at) VALUES ('uk_013', 'uk', 'CustomerSuccessAssociate', 'CustomerSupportRepL2', 'closeMatch', 0.62, 'in-review', 'LLM-drafted, in review', '2026-03-11T11:06:00+00:00');
INSERT INTO role_mapping (map_id, subsidiary, lr_localname, gr_code, match_type, confidence, review_status, mapping_method, mapped_at) VALUES ('uk_014', 'uk', 'OperationsLead', 'OperationsManagerL6', 'closeMatch', 0.85, 'approved', 'manual', '2026-03-11T11:07:00+00:00');
INSERT INTO role_mapping (map_id, subsidiary, lr_localname, gr_code, match_type, confidence, review_status, mapping_method, mapped_at) VALUES ('us_001', 'us', 'SWE_II', 'SoftwareEngineerL3', 'closeMatch', 0.95, 'approved', 'LLM-drafted, human-approved', '2026-03-13T14:00:00+00:00');
INSERT INTO role_mapping (map_id, subsidiary, lr_localname, gr_code, match_type, confidence, review_status, mapping_method, mapped_at) VALUES ('us_002', 'us', 'SWE_III', 'SoftwareEngineerL4', 'closeMatch', 0.96, 'approved', 'LLM-drafted, human-approved', '2026-03-13T14:01:00+00:00');
INSERT INTO role_mapping (map_id, subsidiary, lr_localname, gr_code, match_type, confidence, review_status, mapping_method, mapped_at) VALUES ('us_003', 'us', 'StaffSWE', 'SoftwareEngineerL5', 'closeMatch', 0.97, 'approved', 'manual', '2026-03-13T14:02:00+00:00');
INSERT INTO role_mapping (map_id, subsidiary, lr_localname, gr_code, match_type, confidence, review_status, mapping_method, mapped_at) VALUES ('us_004', 'us', 'PrincipalSWE', 'SoftwareEngineerL5', 'broadMatch', 0.78, 'approved', 'manual', '2026-03-13T14:03:00+00:00');
INSERT INTO role_mapping (map_id, subsidiary, lr_localname, gr_code, match_type, confidence, review_status, mapping_method, mapped_at) VALUES ('us_005', 'us', 'EM', 'EngineeringManagerL6', 'closeMatch', 0.96, 'approved', 'LLM-drafted, human-approved', '2026-03-13T14:04:00+00:00');
INSERT INTO role_mapping (map_id, subsidiary, lr_localname, gr_code, match_type, confidence, review_status, mapping_method, mapped_at) VALUES ('us_006', 'us', 'DirectorOfEngineering', 'EngineeringDirectorL7', 'closeMatch', 0.94, 'approved', 'manual', '2026-03-13T14:05:00+00:00');
INSERT INTO role_mapping (map_id, subsidiary, lr_localname, gr_code, match_type, confidence, review_status, mapping_method, mapped_at) VALUES ('us_007', 'us', 'DataEngineer', 'DataEngineerL4', 'closeMatch', 0.95, 'approved', 'LLM-drafted, human-approved', '2026-03-13T14:06:00+00:00');
INSERT INTO role_mapping (map_id, subsidiary, lr_localname, gr_code, match_type, confidence, review_status, mapping_method, mapped_at) VALUES ('us_008', 'us', 'DataScientist', 'DataScientistL4', 'closeMatch', 0.94, 'approved', 'LLM-drafted, human-approved', '2026-03-13T14:07:00+00:00');
INSERT INTO role_mapping (map_id, subsidiary, lr_localname, gr_code, match_type, confidence, review_status, mapping_method, mapped_at) VALUES ('us_009', 'us', 'PM', 'ProductManagerL4', 'closeMatch', 0.93, 'approved', 'LLM-drafted, human-approved', '2026-03-13T14:08:00+00:00');
INSERT INTO role_mapping (map_id, subsidiary, lr_localname, gr_code, match_type, confidence, review_status, mapping_method, mapped_at) VALUES ('us_010', 'us', 'SeniorPM', 'SeniorProductManagerL5', 'closeMatch', 0.94, 'approved', 'LLM-drafted, human-approved', '2026-03-13T14:09:00+00:00');
INSERT INTO role_mapping (map_id, subsidiary, lr_localname, gr_code, match_type, confidence, review_status, mapping_method, mapped_at) VALUES ('us_011', 'us', 'AE', 'AccountExecutiveL3', 'closeMatch', 0.97, 'approved', 'LLM-drafted, human-approved', '2026-03-13T14:10:00+00:00');
INSERT INTO role_mapping (map_id, subsidiary, lr_localname, gr_code, match_type, confidence, review_status, mapping_method, mapped_at) VALUES ('us_012', 'us', 'RegionalSalesManager', 'SalesManagerL6', 'closeMatch', 0.91, 'approved', 'manual', '2026-03-13T14:11:00+00:00');
INSERT INTO role_mapping (map_id, subsidiary, lr_localname, gr_code, match_type, confidence, review_status, mapping_method, mapped_at) VALUES ('us_013', 'us', 'AreaVPOfSales', 'VPSalesL8', 'broadMatch', 0.65, 'in-review', 'manual', '2026-03-13T14:12:00+00:00');
INSERT INTO role_mapping (map_id, subsidiary, lr_localname, gr_code, match_type, confidence, review_status, mapping_method, mapped_at) VALUES ('us_014', 'us', 'MarketingManager', 'MarketingManagerL5', 'closeMatch', 0.95, 'approved', 'LLM-drafted, human-approved', '2026-03-13T14:13:00+00:00');
INSERT INTO role_mapping (map_id, subsidiary, lr_localname, gr_code, match_type, confidence, review_status, mapping_method, mapped_at) VALUES ('us_015', 'us', 'DirectorOfMarketing', 'MarketingDirectorL7', 'closeMatch', 0.94, 'approved', 'manual', '2026-03-13T14:14:00+00:00');
INSERT INTO role_mapping (map_id, subsidiary, lr_localname, gr_code, match_type, confidence, review_status, mapping_method, mapped_at) VALUES ('us_016', 'us', 'FinancialAnalyst', 'FinancialAnalystL3', 'closeMatch', 0.97, 'approved', 'LLM-drafted, human-approved', '2026-03-13T14:15:00+00:00');
INSERT INTO role_mapping (map_id, subsidiary, lr_localname, gr_code, match_type, confidence, review_status, mapping_method, mapped_at) VALUES ('us_017', 'us', 'FinanceManager', 'FinanceManagerL6', 'closeMatch', 0.93, 'approved', 'manual', '2026-03-13T14:16:00+00:00');
INSERT INTO role_mapping (map_id, subsidiary, lr_localname, gr_code, match_type, confidence, review_status, mapping_method, mapped_at) VALUES ('us_018', 'us', 'HRBP', 'HRBusinessPartnerL5', 'closeMatch', 0.97, 'approved', 'LLM-drafted, human-approved', '2026-03-13T14:17:00+00:00');
INSERT INTO role_mapping (map_id, subsidiary, lr_localname, gr_code, match_type, confidence, review_status, mapping_method, mapped_at) VALUES ('us_019', 'us', 'TechnicalRecruiter', 'RecruiterL3', 'closeMatch', 0.96, 'approved', 'LLM-drafted, human-approved', '2026-03-13T14:18:00+00:00');
INSERT INTO role_mapping (map_id, subsidiary, lr_localname, gr_code, match_type, confidence, review_status, mapping_method, mapped_at) VALUES ('us_020', 'us', 'CustomerSupportSpecialist', 'CustomerSupportRepL2', 'closeMatch', 0.93, 'approved', 'LLM-drafted, human-approved', '2026-03-13T14:19:00+00:00');

INSERT INTO mapping_agent (map_id, agent_id, agent_label, agent_kind) VALUES ('de_001', 'agent/llm-mapper-v2', 'LLM Mapper v2 (acme-internal)', 'SoftwareAgent');
INSERT INTO mapping_agent (map_id, agent_id, agent_label, agent_kind) VALUES ('de_001', 'person/maria-rossi', 'Maria Rossi (Global HR Ops)', 'Person');
INSERT INTO mapping_agent (map_id, agent_id, agent_label, agent_kind) VALUES ('de_002', 'agent/llm-mapper-v2', 'LLM Mapper v2 (acme-internal)', 'SoftwareAgent');
INSERT INTO mapping_agent (map_id, agent_id, agent_label, agent_kind) VALUES ('de_002', 'person/maria-rossi', 'Maria Rossi (Global HR Ops)', 'Person');
INSERT INTO mapping_agent (map_id, agent_id, agent_label, agent_kind) VALUES ('de_003', 'person/maria-rossi', 'Maria Rossi (Global HR Ops)', 'Person');
INSERT INTO mapping_agent (map_id, agent_id, agent_label, agent_kind) VALUES ('de_004', 'person/maria-rossi', 'Maria Rossi (Global HR Ops)', 'Person');
INSERT INTO mapping_agent (map_id, agent_id, agent_label, agent_kind) VALUES ('de_005', 'person/maria-rossi', 'Maria Rossi (Global HR Ops)', 'Person');
INSERT INTO mapping_agent (map_id, agent_id, agent_label, agent_kind) VALUES ('de_006', 'agent/llm-mapper-v2', 'LLM Mapper v2 (acme-internal)', 'SoftwareAgent');
INSERT INTO mapping_agent (map_id, agent_id, agent_label, agent_kind) VALUES ('de_007', 'person/jordan-kim', 'Jordan Kim (Global HR Ops)', 'Person');
INSERT INTO mapping_agent (map_id, agent_id, agent_label, agent_kind) VALUES ('de_008', 'agent/llm-mapper-v2', 'LLM Mapper v2 (acme-internal)', 'SoftwareAgent');
INSERT INTO mapping_agent (map_id, agent_id, agent_label, agent_kind) VALUES ('de_009', 'agent/llm-mapper-v2', 'LLM Mapper v2 (acme-internal)', 'SoftwareAgent');
INSERT INTO mapping_agent (map_id, agent_id, agent_label, agent_kind) VALUES ('de_010', 'person/maria-rossi', 'Maria Rossi (Global HR Ops)', 'Person');
INSERT INTO mapping_agent (map_id, agent_id, agent_label, agent_kind) VALUES ('de_011', 'agent/llm-mapper-v2', 'LLM Mapper v2 (acme-internal)', 'SoftwareAgent');
INSERT INTO mapping_agent (map_id, agent_id, agent_label, agent_kind) VALUES ('de_012', 'agent/llm-mapper-v2', 'LLM Mapper v2 (acme-internal)', 'SoftwareAgent');
INSERT INTO mapping_agent (map_id, agent_id, agent_label, agent_kind) VALUES ('de_013', 'person/maria-rossi', 'Maria Rossi (Global HR Ops)', 'Person');
INSERT INTO mapping_agent (map_id, agent_id, agent_label, agent_kind) VALUES ('uk_001', 'agent/llm-mapper-v2', 'LLM Mapper v2 (acme-internal)', 'SoftwareAgent');
INSERT INTO mapping_agent (map_id, agent_id, agent_label, agent_kind) VALUES ('uk_001', 'person/jordan-kim', 'Jordan Kim (Global HR Ops)', 'Person');
INSERT INTO mapping_agent (map_id, agent_id, agent_label, agent_kind) VALUES ('uk_002', 'agent/llm-mapper-v2', 'LLM Mapper v2 (acme-internal)', 'SoftwareAgent');
INSERT INTO mapping_agent (map_id, agent_id, agent_label, agent_kind) VALUES ('uk_002', 'person/jordan-kim', 'Jordan Kim (Global HR Ops)', 'Person');
INSERT INTO mapping_agent (map_id, agent_id, agent_label, agent_kind) VALUES ('uk_003', 'person/jordan-kim', 'Jordan Kim (Global HR Ops)', 'Person');
INSERT INTO mapping_agent (map_id, agent_id, agent_label, agent_kind) VALUES ('uk_004', 'person/jordan-kim', 'Jordan Kim (Global HR Ops)', 'Person');
INSERT INTO mapping_agent (map_id, agent_id, agent_label, agent_kind) VALUES ('uk_005', 'person/jordan-kim', 'Jordan Kim (Global HR Ops)', 'Person');
INSERT INTO mapping_agent (map_id, agent_id, agent_label, agent_kind) VALUES ('uk_006', 'agent/llm-mapper-v2', 'LLM Mapper v2 (acme-internal)', 'SoftwareAgent');
INSERT INTO mapping_agent (map_id, agent_id, agent_label, agent_kind) VALUES ('uk_007', 'person/maria-rossi', 'Maria Rossi (Global HR Ops)', 'Person');
INSERT INTO mapping_agent (map_id, agent_id, agent_label, agent_kind) VALUES ('uk_008', 'person/maria-rossi', 'Maria Rossi (Global HR Ops)', 'Person');
INSERT INTO mapping_agent (map_id, agent_id, agent_label, agent_kind) VALUES ('uk_009', 'agent/llm-mapper-v2', 'LLM Mapper v2 (acme-internal)', 'SoftwareAgent');
INSERT INTO mapping_agent (map_id, agent_id, agent_label, agent_kind) VALUES ('uk_009', 'person/maria-rossi', 'Maria Rossi (Global HR Ops)', 'Person');
INSERT INTO mapping_agent (map_id, agent_id, agent_label, agent_kind) VALUES ('uk_010', 'person/maria-rossi', 'Maria Rossi (Global HR Ops)', 'Person');
INSERT INTO mapping_agent (map_id, agent_id, agent_label, agent_kind) VALUES ('uk_011', 'agent/llm-mapper-v2', 'LLM Mapper v2 (acme-internal)', 'SoftwareAgent');
INSERT INTO mapping_agent (map_id, agent_id, agent_label, agent_kind) VALUES ('uk_012', 'person/maria-rossi', 'Maria Rossi (Global HR Ops)', 'Person');
INSERT INTO mapping_agent (map_id, agent_id, agent_label, agent_kind) VALUES ('uk_013', 'agent/llm-mapper-v2', 'LLM Mapper v2 (acme-internal)', 'SoftwareAgent');
INSERT INTO mapping_agent (map_id, agent_id, agent_label, agent_kind) VALUES ('uk_014', 'person/jordan-kim', 'Jordan Kim (Global HR Ops)', 'Person');
INSERT INTO mapping_agent (map_id, agent_id, agent_label, agent_kind) VALUES ('us_001', 'agent/llm-mapper-v2', 'LLM Mapper v2 (acme-internal)', 'SoftwareAgent');
INSERT INTO mapping_agent (map_id, agent_id, agent_label, agent_kind) VALUES ('us_002', 'agent/llm-mapper-v2', 'LLM Mapper v2 (acme-internal)', 'SoftwareAgent');
INSERT INTO mapping_agent (map_id, agent_id, agent_label, agent_kind) VALUES ('us_003', 'person/jordan-kim', 'Jordan Kim (Global HR Ops)', 'Person');
INSERT INTO mapping_agent (map_id, agent_id, agent_label, agent_kind) VALUES ('us_004', 'person/jordan-kim', 'Jordan Kim (Global HR Ops)', 'Person');
INSERT INTO mapping_agent (map_id, agent_id, agent_label, agent_kind) VALUES ('us_005', 'agent/llm-mapper-v2', 'LLM Mapper v2 (acme-internal)', 'SoftwareAgent');
INSERT INTO mapping_agent (map_id, agent_id, agent_label, agent_kind) VALUES ('us_006', 'person/jordan-kim', 'Jordan Kim (Global HR Ops)', 'Person');
INSERT INTO mapping_agent (map_id, agent_id, agent_label, agent_kind) VALUES ('us_007', 'agent/llm-mapper-v2', 'LLM Mapper v2 (acme-internal)', 'SoftwareAgent');
INSERT INTO mapping_agent (map_id, agent_id, agent_label, agent_kind) VALUES ('us_008', 'agent/llm-mapper-v2', 'LLM Mapper v2 (acme-internal)', 'SoftwareAgent');
INSERT INTO mapping_agent (map_id, agent_id, agent_label, agent_kind) VALUES ('us_009', 'agent/llm-mapper-v2', 'LLM Mapper v2 (acme-internal)', 'SoftwareAgent');
INSERT INTO mapping_agent (map_id, agent_id, agent_label, agent_kind) VALUES ('us_010', 'agent/llm-mapper-v2', 'LLM Mapper v2 (acme-internal)', 'SoftwareAgent');
INSERT INTO mapping_agent (map_id, agent_id, agent_label, agent_kind) VALUES ('us_011', 'agent/llm-mapper-v2', 'LLM Mapper v2 (acme-internal)', 'SoftwareAgent');
INSERT INTO mapping_agent (map_id, agent_id, agent_label, agent_kind) VALUES ('us_012', 'person/maria-rossi', 'Maria Rossi (Global HR Ops)', 'Person');
INSERT INTO mapping_agent (map_id, agent_id, agent_label, agent_kind) VALUES ('us_013', 'person/jordan-kim', 'Jordan Kim (Global HR Ops)', 'Person');
INSERT INTO mapping_agent (map_id, agent_id, agent_label, agent_kind) VALUES ('us_014', 'agent/llm-mapper-v2', 'LLM Mapper v2 (acme-internal)', 'SoftwareAgent');
INSERT INTO mapping_agent (map_id, agent_id, agent_label, agent_kind) VALUES ('us_015', 'person/maria-rossi', 'Maria Rossi (Global HR Ops)', 'Person');
INSERT INTO mapping_agent (map_id, agent_id, agent_label, agent_kind) VALUES ('us_016', 'agent/llm-mapper-v2', 'LLM Mapper v2 (acme-internal)', 'SoftwareAgent');
INSERT INTO mapping_agent (map_id, agent_id, agent_label, agent_kind) VALUES ('us_017', 'person/maria-rossi', 'Maria Rossi (Global HR Ops)', 'Person');
INSERT INTO mapping_agent (map_id, agent_id, agent_label, agent_kind) VALUES ('us_018', 'agent/llm-mapper-v2', 'LLM Mapper v2 (acme-internal)', 'SoftwareAgent');
INSERT INTO mapping_agent (map_id, agent_id, agent_label, agent_kind) VALUES ('us_019', 'agent/llm-mapper-v2', 'LLM Mapper v2 (acme-internal)', 'SoftwareAgent');
INSERT INTO mapping_agent (map_id, agent_id, agent_label, agent_kind) VALUES ('us_020', 'agent/llm-mapper-v2', 'LLM Mapper v2 (acme-internal)', 'SoftwareAgent');

INSERT INTO esco_anchor (gr_code, match_type, esco_uri) VALUES ('AccountExecutiveL3', 'broadMatch', 'http://data.europa.eu/esco/isco/C2433');
INSERT INTO esco_anchor (gr_code, match_type, esco_uri) VALUES ('CustomerSupportLeadL5', 'broadMatch', 'http://data.europa.eu/esco/isco/C4222');
INSERT INTO esco_anchor (gr_code, match_type, esco_uri) VALUES ('CustomerSupportRepL2', 'broadMatch', 'http://data.europa.eu/esco/isco/C4222');
INSERT INTO esco_anchor (gr_code, match_type, esco_uri) VALUES ('DataEngineerL4', 'broadMatch', 'http://data.europa.eu/esco/isco/C2521');
INSERT INTO esco_anchor (gr_code, match_type, esco_uri) VALUES ('DataScientistL4', 'broadMatch', 'http://data.europa.eu/esco/isco/C2120');
INSERT INTO esco_anchor (gr_code, match_type, esco_uri) VALUES ('EngineeringDirectorL7', 'broadMatch', 'http://data.europa.eu/esco/isco/C1330');
INSERT INTO esco_anchor (gr_code, match_type, esco_uri) VALUES ('EngineeringManagerL6', 'broadMatch', 'http://data.europa.eu/esco/isco/C1330');
INSERT INTO esco_anchor (gr_code, match_type, esco_uri) VALUES ('FinanceManagerL6', 'broadMatch', 'http://data.europa.eu/esco/isco/C1211');
INSERT INTO esco_anchor (gr_code, match_type, esco_uri) VALUES ('FinancialAnalystL3', 'broadMatch', 'http://data.europa.eu/esco/isco/C2413');
INSERT INTO esco_anchor (gr_code, match_type, esco_uri) VALUES ('HRBusinessPartnerL5', 'broadMatch', 'http://data.europa.eu/esco/isco/C2423');
INSERT INTO esco_anchor (gr_code, match_type, esco_uri) VALUES ('MarketingDirectorL7', 'broadMatch', 'http://data.europa.eu/esco/isco/C1221');
INSERT INTO esco_anchor (gr_code, match_type, esco_uri) VALUES ('MarketingManagerL5', 'broadMatch', 'http://data.europa.eu/esco/isco/C1221');
INSERT INTO esco_anchor (gr_code, match_type, esco_uri) VALUES ('OperationsManagerL6', 'broadMatch', 'http://data.europa.eu/esco/isco/C1219');
INSERT INTO esco_anchor (gr_code, match_type, esco_uri) VALUES ('ProductManagerL4', 'broadMatch', 'http://data.europa.eu/esco/isco/C1219');
INSERT INTO esco_anchor (gr_code, match_type, esco_uri) VALUES ('RecruiterL3', 'broadMatch', 'http://data.europa.eu/esco/isco/C2423');
INSERT INTO esco_anchor (gr_code, match_type, esco_uri) VALUES ('SalesManagerL6', 'broadMatch', 'http://data.europa.eu/esco/isco/C1221');
INSERT INTO esco_anchor (gr_code, match_type, esco_uri) VALUES ('SeniorProductManagerL5', 'broadMatch', 'http://data.europa.eu/esco/isco/C1219');
INSERT INTO esco_anchor (gr_code, match_type, esco_uri) VALUES ('SoftwareEngineerL3', 'broadMatch', 'http://data.europa.eu/esco/isco/C2512');
INSERT INTO esco_anchor (gr_code, match_type, esco_uri) VALUES ('SoftwareEngineerL3', 'closeMatch', 'http://data.europa.eu/esco/occupation/bd272aee-adc9-4a06-a15c-a73b4b4a46a7');
INSERT INTO esco_anchor (gr_code, match_type, esco_uri) VALUES ('SoftwareEngineerL4', 'broadMatch', 'http://data.europa.eu/esco/isco/C2512');
INSERT INTO esco_anchor (gr_code, match_type, esco_uri) VALUES ('SoftwareEngineerL4', 'closeMatch', 'http://data.europa.eu/esco/occupation/bd272aee-adc9-4a06-a15c-a73b4b4a46a7');
INSERT INTO esco_anchor (gr_code, match_type, esco_uri) VALUES ('SoftwareEngineerL5', 'broadMatch', 'http://data.europa.eu/esco/isco/C2512');
INSERT INTO esco_anchor (gr_code, match_type, esco_uri) VALUES ('SoftwareEngineerL5', 'relatedMatch', 'http://data.europa.eu/esco/occupation/a7c1d23d-aeca-4bee-9a08-5993ed98b135');
INSERT INTO esco_anchor (gr_code, match_type, esco_uri) VALUES ('VPSalesL8', 'broadMatch', 'http://data.europa.eu/esco/isco/C1221');

INSERT INTO person (person_id, name) VALUES ('aiden_01', 'Aiden Garcia');
INSERT INTO person (person_id, name) VALUES ('alice_01', 'Alice Chen');
INSERT INTO person (person_id, name) VALUES ('bob_01', 'Bob Singh');
INSERT INTO person (person_id, name) VALUES ('brianna_01', 'Brianna Lee');
INSERT INTO person (person_id, name) VALUES ('carlos_01', 'Carlos Rivera');
INSERT INTO person (person_id, name) VALUES ('carol_01', 'Carol O''Brien');
INSERT INTO person (person_id, name) VALUES ('dana_01', 'Dana Park');
INSERT INTO person (person_id, name) VALUES ('david_01', 'David Patel');
INSERT INTO person (person_id, name) VALUES ('emma_01', 'Emma Walker');
INSERT INTO person (person_id, name) VALUES ('eve_05', 'Eve Martinez');
INSERT INTO person (person_id, name) VALUES ('felix_01', 'Felix Anderson');
INSERT INTO person (person_id, name) VALUES ('frank_01', 'Frank Lim');
INSERT INTO person (person_id, name) VALUES ('gina_01', 'Gina Chen');
INSERT INTO person (person_id, name) VALUES ('grace_01', 'Grace Mukherjee');
INSERT INTO person (person_id, name) VALUES ('hannah_01', 'Hannah Smith');
INSERT INTO person (person_id, name) VALUES ('harris_01', 'Harris Patel');
INSERT INTO person (person_id, name) VALUES ('ian_01', 'Ian Davies');
INSERT INTO person (person_id, name) VALUES ('isla_01', 'Isla O''Connor');
INSERT INTO person (person_id, name) VALUES ('jamal_01', 'Jamal Williams');
INSERT INTO person (person_id, name) VALUES ('jane_01', 'Jane Holt');
INSERT INTO person (person_id, name) VALUES ('kate_01', 'Kate Adler');
INSERT INTO person (person_id, name) VALUES ('kira_01', 'Kira Rodriguez');
INSERT INTO person (person_id, name) VALUES ('liam_01', 'Liam Foster');
INSERT INTO person (person_id, name) VALUES ('luke_01', 'Luke Brown');
INSERT INTO person (person_id, name) VALUES ('mei_01', 'Mei Zhang');
INSERT INTO person (person_id, name) VALUES ('mia_01', 'Mia Russo');
INSERT INTO person (person_id, name) VALUES ('nate_01', 'Nate Johnson');
INSERT INTO person (person_id, name) VALUES ('noah_01', 'Noah Becker');
INSERT INTO person (person_id, name) VALUES ('olga_01', 'Olga Weber');
INSERT INTO person (person_id, name) VALUES ('oscar_01', 'Oscar Davis');
INSERT INTO person (person_id, name) VALUES ('peter_01', 'Peter Müller');
INSERT INTO person (person_id, name) VALUES ('quinn_01', 'Quinn Schmidt');
INSERT INTO person (person_id, name) VALUES ('rolf_01', 'Rolf Hoffmann');
INSERT INTO person (person_id, name) VALUES ('sophia_01', 'Sophia Klein');
INSERT INTO person (person_id, name) VALUES ('tobias_01', 'Tobias Wagner');
INSERT INTO person (person_id, name) VALUES ('ulrich_01', 'Ulrich Fischer');
INSERT INTO person (person_id, name) VALUES ('vera_01', 'Vera Schäfer');
INSERT INTO person (person_id, name) VALUES ('wolfgang_01', 'Wolfgang Bauer');
INSERT INTO person (person_id, name) VALUES ('xander_01', 'Xander Lehmann');
INSERT INTO person (person_id, name) VALUES ('yvonne_01', 'Yvonne Schulz');
INSERT INTO person (person_id, name) VALUES ('zoe_01', 'Zoe Krause');

INSERT INTO post (post_id, label, label_lang, subsidiary, role_localname, org_id, reports_to_post_id) VALUES ('de_001', 'Softwareentwickler II, Berlin Payments', 'de', 'de', 'SoftwareentwicklerII', 'AcmeDE', 'de_005');
INSERT INTO post (post_id, label, label_lang, subsidiary, role_localname, org_id, reports_to_post_id) VALUES ('de_002', 'Softwareentwickler III, Berlin Payments', 'de', 'de', 'SoftwareentwicklerIII', 'AcmeDE', 'de_005');
INSERT INTO post (post_id, label, label_lang, subsidiary, role_localname, org_id, reports_to_post_id) VALUES ('de_003', 'Softwareentwickler IV, Berlin Payments', 'de', 'de', 'SoftwareentwicklerIV', 'AcmeDE', 'de_005');
INSERT INTO post (post_id, label, label_lang, subsidiary, role_localname, org_id, reports_to_post_id) VALUES ('de_004', 'Dateningenieur, Berlin Data', 'de', 'de', 'DatenIngenieur', 'AcmeDE', 'de_005');
INSERT INTO post (post_id, label, label_lang, subsidiary, role_localname, org_id, reports_to_post_id) VALUES ('de_005', 'Teamleiter Entwicklung, Berlin', 'de', 'de', 'Teamleiter', 'AcmeDE', 'de_006');
INSERT INTO post (post_id, label, label_lang, subsidiary, role_localname, org_id, reports_to_post_id) VALUES ('de_006', 'Entwicklungsleiter, DACH', 'de', 'de', 'Entwicklungsleiter', 'AcmeDE', NULL);
INSERT INTO post (post_id, label, label_lang, subsidiary, role_localname, org_id, reports_to_post_id) VALUES ('de_007', 'Data Scientist, Berlin', 'de', 'de', 'DataScientist', 'AcmeDE', NULL);
INSERT INTO post (post_id, label, label_lang, subsidiary, role_localname, org_id, reports_to_post_id) VALUES ('de_008', 'Produktmanager, Payments DACH', 'de', 'de', 'ProduktManager', 'AcmeDE', NULL);
INSERT INTO post (post_id, label, label_lang, subsidiary, role_localname, org_id, reports_to_post_id) VALUES ('de_009', 'Vertriebsmitarbeiter, DACH', 'de', 'de', 'Vertriebsmitarbeiter', 'AcmeDE', NULL);
INSERT INTO post (post_id, label, label_lang, subsidiary, role_localname, org_id, reports_to_post_id) VALUES ('de_010', 'Vertriebsleiter DACH', 'de', 'de', 'Vertriebsleiter', 'AcmeDE', NULL);
INSERT INTO post (post_id, label, label_lang, subsidiary, role_localname, org_id, reports_to_post_id) VALUES ('de_011', 'Marketing Manager DACH', 'de', 'de', 'MarketingManager', 'AcmeDE', NULL);
INSERT INTO post (post_id, label, label_lang, subsidiary, role_localname, org_id, reports_to_post_id) VALUES ('de_012', 'Personalreferent, DACH', 'de', 'de', 'PersonalReferent', 'AcmeDE', NULL);
INSERT INTO post (post_id, label, label_lang, subsidiary, role_localname, org_id, reports_to_post_id) VALUES ('de_013', 'Kundenservicemitarbeiter, Berlin', 'de', 'de', 'KundenServiceMitarbeiter', 'AcmeDE', NULL);
INSERT INTO post (post_id, label, label_lang, subsidiary, role_localname, org_id, reports_to_post_id) VALUES ('uk_001', 'Senior SWE, London Payments', 'en-GB', 'uk', 'SeniorSoftwareEngineer', 'AcmeUK', 'uk_005');
INSERT INTO post (post_id, label, label_lang, subsidiary, role_localname, org_id, reports_to_post_id) VALUES ('uk_002', 'Software Engineer, London Payments', 'en-GB', 'uk', 'SoftwareEngineer', 'AcmeUK', 'uk_005');
INSERT INTO post (post_id, label, label_lang, subsidiary, role_localname, org_id, reports_to_post_id) VALUES ('uk_003', 'Lead Software Engineer, London Payments', 'en-GB', 'uk', 'LeadSoftwareEngineer', 'AcmeUK', 'uk_005');
INSERT INTO post (post_id, label, label_lang, subsidiary, role_localname, org_id, reports_to_post_id) VALUES ('uk_004', 'Data Engineer, London Data Platform', 'en-GB', 'uk', 'DataEngineer', 'AcmeUK', 'uk_006');
INSERT INTO post (post_id, label, label_lang, subsidiary, role_localname, org_id, reports_to_post_id) VALUES ('uk_005', 'Engineering Manager, London Payments', 'en-GB', 'uk', 'EngineeringManager', 'AcmeUK', 'uk_007');
INSERT INTO post (post_id, label, label_lang, subsidiary, role_localname, org_id, reports_to_post_id) VALUES ('uk_006', 'Engineering Manager, Data Platform', 'en-GB', 'uk', 'EngineeringManager', 'AcmeUK', 'uk_007');
INSERT INTO post (post_id, label, label_lang, subsidiary, role_localname, org_id, reports_to_post_id) VALUES ('uk_007', 'Head of Engineering, UK', 'en-GB', 'uk', 'HeadOfEngineering', 'AcmeUK', NULL);
INSERT INTO post (post_id, label, label_lang, subsidiary, role_localname, org_id, reports_to_post_id) VALUES ('uk_008', 'Senior Product Manager, Payments', 'en-GB', 'uk', 'SeniorProductManager', 'AcmeUK', NULL);
INSERT INTO post (post_id, label, label_lang, subsidiary, role_localname, org_id, reports_to_post_id) VALUES ('uk_009', 'Account Manager, EMEA', 'en-GB', 'uk', 'AccountManager', 'AcmeUK', NULL);
INSERT INTO post (post_id, label, label_lang, subsidiary, role_localname, org_id, reports_to_post_id) VALUES ('uk_010', 'Financial Analyst, UK', 'en-GB', 'uk', 'FinancialAnalyst', 'AcmeUK', NULL);
INSERT INTO post (post_id, label, label_lang, subsidiary, role_localname, org_id, reports_to_post_id) VALUES ('uk_011', 'People Partner, UK Engineering', 'en-GB', 'uk', 'PeoplePartner', 'AcmeUK', NULL);
INSERT INTO post (post_id, label, label_lang, subsidiary, role_localname, org_id, reports_to_post_id) VALUES ('uk_012', 'Customer Success Associate', 'en-GB', 'uk', 'CustomerSuccessAssociate', 'AcmeUK', NULL);
INSERT INTO post (post_id, label, label_lang, subsidiary, role_localname, org_id, reports_to_post_id) VALUES ('uk_013', 'Operations Lead, UK', 'en-GB', 'uk', 'OperationsLead', 'AcmeUK', NULL);
INSERT INTO post (post_id, label, label_lang, subsidiary, role_localname, org_id, reports_to_post_id) VALUES ('us_001', 'Software Engineer II, SF Payments', 'en-US', 'us', 'SWE_II', 'AcmeUS', 'us_005');
INSERT INTO post (post_id, label, label_lang, subsidiary, role_localname, org_id, reports_to_post_id) VALUES ('us_002', 'Software Engineer III, SF Payments', 'en-US', 'us', 'SWE_III', 'AcmeUS', 'us_005');
INSERT INTO post (post_id, label, label_lang, subsidiary, role_localname, org_id, reports_to_post_id) VALUES ('us_003', 'Staff Software Engineer, SF Payments', 'en-US', 'us', 'StaffSWE', 'AcmeUS', 'us_005');
INSERT INTO post (post_id, label, label_lang, subsidiary, role_localname, org_id, reports_to_post_id) VALUES ('us_004', 'Principal Software Engineer, SF Platform', 'en-US', 'us', 'PrincipalSWE', 'AcmeUS', NULL);
INSERT INTO post (post_id, label, label_lang, subsidiary, role_localname, org_id, reports_to_post_id) VALUES ('us_005', 'Engineering Manager, SF Payments', 'en-US', 'us', 'EM', 'AcmeUS', 'us_006');
INSERT INTO post (post_id, label, label_lang, subsidiary, role_localname, org_id, reports_to_post_id) VALUES ('us_006', 'Director of Engineering, US Payments', 'en-US', 'us', 'DirectorOfEngineering', 'AcmeUS', NULL);
INSERT INTO post (post_id, label, label_lang, subsidiary, role_localname, org_id, reports_to_post_id) VALUES ('us_007', 'Data Engineer, SF Data Platform', 'en-US', 'us', 'DataEngineer', 'AcmeUS', NULL);
INSERT INTO post (post_id, label, label_lang, subsidiary, role_localname, org_id, reports_to_post_id) VALUES ('us_008', 'Data Scientist, SF Data Science', 'en-US', 'us', 'DataScientist', 'AcmeUS', NULL);
INSERT INTO post (post_id, label, label_lang, subsidiary, role_localname, org_id, reports_to_post_id) VALUES ('us_009', 'Senior PM, SF Payments', 'en-US', 'us', 'SeniorPM', 'AcmeUS', NULL);
INSERT INTO post (post_id, label, label_lang, subsidiary, role_localname, org_id, reports_to_post_id) VALUES ('us_010', 'Account Executive, West', 'en-US', 'us', 'AE', 'AcmeUS', NULL);
INSERT INTO post (post_id, label, label_lang, subsidiary, role_localname, org_id, reports_to_post_id) VALUES ('us_011', 'Regional Sales Manager, West', 'en-US', 'us', 'RegionalSalesManager', 'AcmeUS', NULL);
INSERT INTO post (post_id, label, label_lang, subsidiary, role_localname, org_id, reports_to_post_id) VALUES ('us_012', 'Area VP of Sales, North America', 'en-US', 'us', 'AreaVPOfSales', 'AcmeUS', NULL);
INSERT INTO post (post_id, label, label_lang, subsidiary, role_localname, org_id, reports_to_post_id) VALUES ('us_013', 'HR Business Partner, US Engineering', 'en-US', 'us', 'HRBP', 'AcmeUS', NULL);
INSERT INTO post (post_id, label, label_lang, subsidiary, role_localname, org_id, reports_to_post_id) VALUES ('us_014', 'Technical Recruiter, US', 'en-US', 'us', 'TechnicalRecruiter', 'AcmeUS', NULL);
INSERT INTO post (post_id, label, label_lang, subsidiary, role_localname, org_id, reports_to_post_id) VALUES ('us_015', 'Customer Support Specialist, US', 'en-US', 'us', 'CustomerSupportSpecialist', 'AcmeUS', NULL);

INSERT INTO membership (mem_id, person_id, org_id, subsidiary, role_localname, via_post_id, begin_date, end_date, linked_from_person) VALUES ('aiden_01', 'aiden_01', 'AcmeUS', 'us', 'SWE_II', 'us_001', '2025-01-06', NULL, TRUE);
INSERT INTO membership (mem_id, person_id, org_id, subsidiary, role_localname, via_post_id, begin_date, end_date, linked_from_person) VALUES ('alice_01', 'alice_01', 'AcmeUK', 'uk', 'SeniorSoftwareEngineer', 'uk_001', '2022-09-01', NULL, TRUE);
INSERT INTO membership (mem_id, person_id, org_id, subsidiary, role_localname, via_post_id, begin_date, end_date, linked_from_person) VALUES ('bob_01', 'bob_01', 'AcmeUK', 'uk', 'SoftwareEngineer', 'uk_002', '2024-01-15', NULL, TRUE);
INSERT INTO membership (mem_id, person_id, org_id, subsidiary, role_localname, via_post_id, begin_date, end_date, linked_from_person) VALUES ('brianna_01', 'brianna_01', 'AcmeUS', 'us', 'SWE_III', 'us_002', '2022-07-11', NULL, TRUE);
INSERT INTO membership (mem_id, person_id, org_id, subsidiary, role_localname, via_post_id, begin_date, end_date, linked_from_person) VALUES ('carlos_01', 'carlos_01', 'AcmeUS', 'us', 'StaffSWE', 'us_003', '2020-10-19', NULL, TRUE);
INSERT INTO membership (mem_id, person_id, org_id, subsidiary, role_localname, via_post_id, begin_date, end_date, linked_from_person) VALUES ('carol_01', 'carol_01', 'AcmeUK', 'uk', 'LeadSoftwareEngineer', 'uk_003', '2021-04-01', NULL, TRUE);
INSERT INTO membership (mem_id, person_id, org_id, subsidiary, role_localname, via_post_id, begin_date, end_date, linked_from_person) VALUES ('dana_01', 'dana_01', 'AcmeUS', 'us', 'PrincipalSWE', 'us_004', '2018-08-06', NULL, TRUE);
INSERT INTO membership (mem_id, person_id, org_id, subsidiary, role_localname, via_post_id, begin_date, end_date, linked_from_person) VALUES ('david_01', 'david_01', 'AcmeUK', 'uk', 'DataEngineer', 'uk_004', '2023-06-12', NULL, TRUE);
INSERT INTO membership (mem_id, person_id, org_id, subsidiary, role_localname, via_post_id, begin_date, end_date, linked_from_person) VALUES ('emma_01', 'emma_01', 'AcmeUK', 'uk', 'EngineeringManager', 'uk_005', '2020-02-03', NULL, TRUE);
INSERT INTO membership (mem_id, person_id, org_id, subsidiary, role_localname, via_post_id, begin_date, end_date, linked_from_person) VALUES ('eve_05_past', 'eve_05', 'AcmeUS', 'us', 'EM', 'us_005', '2021-03-01', '2026-04-30', FALSE);
INSERT INTO membership (mem_id, person_id, org_id, subsidiary, role_localname, via_post_id, begin_date, end_date, linked_from_person) VALUES ('felix_01', 'felix_01', 'AcmeUS', 'us', 'DirectorOfEngineering', 'us_006', '2019-06-17', NULL, TRUE);
INSERT INTO membership (mem_id, person_id, org_id, subsidiary, role_localname, via_post_id, begin_date, end_date, linked_from_person) VALUES ('frank_01', 'frank_01', 'AcmeUK', 'uk', 'EngineeringManager', 'uk_006', '2022-08-15', NULL, TRUE);
INSERT INTO membership (mem_id, person_id, org_id, subsidiary, role_localname, via_post_id, begin_date, end_date, linked_from_person) VALUES ('gina_01', 'gina_01', 'AcmeUS', 'us', 'DataEngineer', 'us_007', '2023-04-24', NULL, TRUE);
INSERT INTO membership (mem_id, person_id, org_id, subsidiary, role_localname, via_post_id, begin_date, end_date, linked_from_person) VALUES ('grace_01', 'grace_01', 'AcmeUK', 'uk', 'HeadOfEngineering', 'uk_007', '2018-11-12', NULL, TRUE);
INSERT INTO membership (mem_id, person_id, org_id, subsidiary, role_localname, via_post_id, begin_date, end_date, linked_from_person) VALUES ('hannah_01', 'hannah_01', 'AcmeUK', 'uk', 'SeniorProductManager', 'uk_008', '2023-01-09', NULL, TRUE);
INSERT INTO membership (mem_id, person_id, org_id, subsidiary, role_localname, via_post_id, begin_date, end_date, linked_from_person) VALUES ('harris_01', 'harris_01', 'AcmeUS', 'us', 'DataScientist', 'us_008', '2024-09-09', NULL, TRUE);
INSERT INTO membership (mem_id, person_id, org_id, subsidiary, role_localname, via_post_id, begin_date, end_date, linked_from_person) VALUES ('ian_01', 'ian_01', 'AcmeUK', 'uk', 'AccountManager', 'uk_009', '2024-03-04', NULL, TRUE);
INSERT INTO membership (mem_id, person_id, org_id, subsidiary, role_localname, via_post_id, begin_date, end_date, linked_from_person) VALUES ('isla_01', 'isla_01', 'AcmeUS', 'us', 'SeniorPM', 'us_009', '2022-11-28', NULL, TRUE);
INSERT INTO membership (mem_id, person_id, org_id, subsidiary, role_localname, via_post_id, begin_date, end_date, linked_from_person) VALUES ('jamal_01', 'jamal_01', 'AcmeUS', 'us', 'AE', 'us_010', '2025-03-31', NULL, TRUE);
INSERT INTO membership (mem_id, person_id, org_id, subsidiary, role_localname, via_post_id, begin_date, end_date, linked_from_person) VALUES ('jane_01', 'jane_01', 'AcmeUK', 'uk', 'FinancialAnalyst', 'uk_010', '2024-09-01', NULL, TRUE);
INSERT INTO membership (mem_id, person_id, org_id, subsidiary, role_localname, via_post_id, begin_date, end_date, linked_from_person) VALUES ('kate_01', 'kate_01', 'AcmeUK', 'uk', 'PeoplePartner', 'uk_011', '2023-11-20', NULL, TRUE);
INSERT INTO membership (mem_id, person_id, org_id, subsidiary, role_localname, via_post_id, begin_date, end_date, linked_from_person) VALUES ('kira_01', 'kira_01', 'AcmeUS', 'us', 'RegionalSalesManager', 'us_011', '2021-09-14', NULL, TRUE);
INSERT INTO membership (mem_id, person_id, org_id, subsidiary, role_localname, via_post_id, begin_date, end_date, linked_from_person) VALUES ('liam_01', 'liam_01', 'AcmeUS', 'us', 'AreaVPOfSales', 'us_012', '2019-02-04', NULL, TRUE);
INSERT INTO membership (mem_id, person_id, org_id, subsidiary, role_localname, via_post_id, begin_date, end_date, linked_from_person) VALUES ('luke_01', 'luke_01', 'AcmeUK', 'uk', 'CustomerSuccessAssociate', 'uk_012', '2025-02-10', NULL, TRUE);
INSERT INTO membership (mem_id, person_id, org_id, subsidiary, role_localname, via_post_id, begin_date, end_date, linked_from_person) VALUES ('mei_01', 'mei_01', 'AcmeUS', 'us', 'HRBP', 'us_013', '2022-05-30', NULL, TRUE);
INSERT INTO membership (mem_id, person_id, org_id, subsidiary, role_localname, via_post_id, begin_date, end_date, linked_from_person) VALUES ('mia_01_current', 'mia_01', 'AcmeUK', 'uk', 'OperationsLead', 'uk_013', '2024-04-01', NULL, TRUE);
INSERT INTO membership (mem_id, person_id, org_id, subsidiary, role_localname, via_post_id, begin_date, end_date, linked_from_person) VALUES ('mia_01_past', 'mia_01', 'AcmeUK', 'uk', 'AccountManager', NULL, '2021-05-15', '2024-03-31', TRUE);
INSERT INTO membership (mem_id, person_id, org_id, subsidiary, role_localname, via_post_id, begin_date, end_date, linked_from_person) VALUES ('nate_01', 'nate_01', 'AcmeUS', 'us', 'TechnicalRecruiter', 'us_014', '2024-07-22', NULL, TRUE);
INSERT INTO membership (mem_id, person_id, org_id, subsidiary, role_localname, via_post_id, begin_date, end_date, linked_from_person) VALUES ('noah_01', 'noah_01', 'AcmeDE', 'de', 'SoftwareentwicklerII', 'de_001', '2024-08-01', NULL, TRUE);
INSERT INTO membership (mem_id, person_id, org_id, subsidiary, role_localname, via_post_id, begin_date, end_date, linked_from_person) VALUES ('olga_01', 'olga_01', 'AcmeDE', 'de', 'SoftwareentwicklerIII', 'de_002', '2023-02-13', NULL, TRUE);
INSERT INTO membership (mem_id, person_id, org_id, subsidiary, role_localname, via_post_id, begin_date, end_date, linked_from_person) VALUES ('oscar_01', 'oscar_01', 'AcmeUS', 'us', 'CustomerSupportSpecialist', 'us_015', '2024-11-11', NULL, TRUE);
INSERT INTO membership (mem_id, person_id, org_id, subsidiary, role_localname, via_post_id, begin_date, end_date, linked_from_person) VALUES ('peter_01', 'peter_01', 'AcmeDE', 'de', 'SoftwareentwicklerIV', 'de_003', '2020-06-01', NULL, TRUE);
INSERT INTO membership (mem_id, person_id, org_id, subsidiary, role_localname, via_post_id, begin_date, end_date, linked_from_person) VALUES ('quinn_01', 'quinn_01', 'AcmeDE', 'de', 'DatenIngenieur', 'de_004', '2023-09-04', NULL, TRUE);
INSERT INTO membership (mem_id, person_id, org_id, subsidiary, role_localname, via_post_id, begin_date, end_date, linked_from_person) VALUES ('rolf_01', 'rolf_01', 'AcmeDE', 'de', 'Teamleiter', 'de_005', '2019-10-01', NULL, TRUE);
INSERT INTO membership (mem_id, person_id, org_id, subsidiary, role_localname, via_post_id, begin_date, end_date, linked_from_person) VALUES ('sophia_01', 'sophia_01', 'AcmeDE', 'de', 'Entwicklungsleiter', 'de_006', '2017-04-01', NULL, TRUE);
INSERT INTO membership (mem_id, person_id, org_id, subsidiary, role_localname, via_post_id, begin_date, end_date, linked_from_person) VALUES ('tobias_01', 'tobias_01', 'AcmeDE', 'de', 'DataScientist', 'de_007', '2024-02-15', NULL, TRUE);
INSERT INTO membership (mem_id, person_id, org_id, subsidiary, role_localname, via_post_id, begin_date, end_date, linked_from_person) VALUES ('ulrich_01', 'ulrich_01', 'AcmeDE', 'de', 'ProduktManager', 'de_008', '2022-12-01', NULL, TRUE);
INSERT INTO membership (mem_id, person_id, org_id, subsidiary, role_localname, via_post_id, begin_date, end_date, linked_from_person) VALUES ('vera_01', 'vera_01', 'AcmeDE', 'de', 'Vertriebsmitarbeiter', 'de_009', '2024-06-17', NULL, TRUE);
INSERT INTO membership (mem_id, person_id, org_id, subsidiary, role_localname, via_post_id, begin_date, end_date, linked_from_person) VALUES ('wolfgang_01', 'wolfgang_01', 'AcmeDE', 'de', 'Vertriebsleiter', 'de_010', '2021-08-23', NULL, TRUE);
INSERT INTO membership (mem_id, person_id, org_id, subsidiary, role_localname, via_post_id, begin_date, end_date, linked_from_person) VALUES ('xander_01', 'xander_01', 'AcmeDE', 'de', 'MarketingManager', 'de_011', '2023-05-08', NULL, TRUE);
INSERT INTO membership (mem_id, person_id, org_id, subsidiary, role_localname, via_post_id, begin_date, end_date, linked_from_person) VALUES ('yvonne_01', 'yvonne_01', 'AcmeDE', 'de', 'PersonalReferent', 'de_012', '2022-03-15', NULL, TRUE);
INSERT INTO membership (mem_id, person_id, org_id, subsidiary, role_localname, via_post_id, begin_date, end_date, linked_from_person) VALUES ('zoe_01', 'zoe_01', 'AcmeDE', 'de', 'KundenServiceMitarbeiter', 'de_013', '2025-01-13', NULL, TRUE);
